id,name,languages
r_0,mojombo/grit,['Ruby']
r_1,wycats/merb-core,"['Ruby', 'JavaScript']"
r_2,rubinius/rubinius,"['C', 'Ruby', 'C++', 'Shell', 'Makefile', 'Assembly', 'Objective-C', 'TeX', 'Roff', 'M4', 'Ada', 'Pascal', 'C#', 'HTML', 'DIGITAL Command Language', 'Perl', 'CMake', 'DTrace', 'Python', 'CLIPS', 'Batchfile', 'SAS', 'Module Management System', 'PHP', 'GDB', 'VBScript']"
r_3,mojombo/god,"['Ruby', 'C', 'CSS', 'JavaScript', 'HTML', 'Shell']"
r_4,vanpelt/jsawesome,"['JavaScript', 'Ruby']"
r_5,wycats/jspec,['JavaScript']
r_6,defunkt/exception_logger,"['Ruby', 'JavaScript']"
r_7,defunkt/ambition,"['Ruby', 'JavaScript']"
r_8,technoweenie/restful-authentication,['Ruby']
r_9,technoweenie/attachment_fu,['Ruby']
r_10,caged/microsis,"['JavaScript', 'Ruby']"
r_11,anotherjesse/s3,"['JavaScript', 'Ruby']"
r_12,anotherjesse/taboo,"['JavaScript', 'Ruby']"
r_13,anotherjesse/foxtracs,['JavaScript']
r_14,anotherjesse/fotomatic,"['ActionScript', 'Ruby']"
r_15,mojombo/glowstick,['Ruby']
r_16,defunkt/starling,['Ruby']
r_17,wycats/merb-more,[]
r_18,macournoyer/thin,"['Ruby', 'C', 'HTML', 'Ragel', 'CSS', 'Shell', 'JavaScript']"
r_19,jamesgolick/resource_controller,['Ruby']
r_20,jamesgolick/markaby,['Ruby']
r_21,jamesgolick/enum_field,['Ruby']
r_22,defunkt/subtlety,['Ruby']
r_23,defunkt/zippy,['Ruby']
r_24,defunkt/cache_fu,['Ruby']
r_25,KirinDave/phosphor,[]
r_26,bmizerany/sinatra,"['Ruby', 'CoffeeScript']"
r_27,jnewland/gsa-prototype,"['JavaScript', 'Ruby']"
r_28,technoweenie/duplikate,['Ruby']
r_29,jnewland/lazy_record,['Ruby']
r_30,jnewland/gsa-feeds,"['Ruby', 'JavaScript']"
r_31,jnewland/votigoto,"['Ruby', 'JavaScript']"
r_32,defunkt/mofo,"['JavaScript', 'Ruby']"
r_33,jnewland/xhtmlize,['Ruby']
r_34,ruby-git/ruby-git,"['Ruby', 'Shell', 'Perl', 'Roff']"
r_35,ezmobius/bmhsearch,"['C', 'Ruby']"
r_36,uggedal/mofo,"['JavaScript', 'Ruby']"
r_37,mmower/simply_versioned,['Ruby']
r_38,abhay/gchart,['Ruby']
r_39,benburkert/schemr,['Ruby']
r_40,abhay/calais,['Ruby']
r_41,mojombo/chronic,['Ruby']
r_42,sr/git-wiki,['Ruby']
r_43,queso/signal-wiki,"['Ruby', 'JavaScript']"
r_44,drnic/ruby-on-rails-tmbundle,"['Ruby', 'JavaScript']"
r_45,danwrong/low-pro-for-jquery,['JavaScript']
r_46,wayneeseguin/merb-core,"['Ruby', 'JavaScript']"
r_47,sr/dst,['Ruby']
r_48,mojombo/yaws,"['Erlang', 'JavaScript', 'Shell', 'Makefile', 'HTML', 'C', 'Emacs Lisp', 'Java', 'CSS', 'Groff']"
r_49,KirinDave/yaws,"['Erlang', 'JavaScript', 'Shell', 'Makefile', 'HTML', 'C', 'Emacs Lisp', 'Java', 'CSS', 'Groff']"
r_50,sr/tasks,['Ruby']
r_51,mattetti/ruby-on-rails-tmbundle,['Ruby']
r_52,grempe/amazon-ec2,['Ruby']
r_53,wayneeseguin/merblogger,"['JavaScript', 'Ruby']"
r_54,wayneeseguin/merbtastic,[]
r_55,wayneeseguin/alogr,"['Ruby', 'C']"
r_56,wayneeseguin/autozest,['Ruby']
r_57,wayneeseguin/rnginx,['Ruby']
r_58,wayneeseguin/sequel,['Ruby']
r_59,bmizerany/simply_versioned,['Ruby']
r_60,peterc/switchpipe,"['Ruby', 'Python']"
r_61,hornbeck/arc,"['Arc', 'Scheme', 'Shell']"
r_62,up_the_irons/ebay4r,['Ruby']
r_63,wycats/merb-plugins,"['JavaScript', 'Ruby', 'Perl']"
r_64,up_the_irons/ram,"['Ruby', 'JavaScript']"
r_65,defunkt/ambitious_activeldap,['Ruby']
r_66,atmos/fitter_happier,['Ruby']
r_67,brosner/oebfare,"['JavaScript', 'Python', 'Shell']"
r_68,up_the_irons/credit_card_tools,['Ruby']
r_69,jnicklas/rorem,['Ruby']
r_70,cristibalan/braid,['Ruby']
r_71,jnicklas/uploadcolumn,['Ruby']
r_72,simonjefford/ruby-on-rails-tmbundle,"['Ruby', 'JavaScript']"
r_73,leahneukirchen/rack-mirror,['Ruby']
r_74,leahneukirchen/coset-mirror,['Ruby']
r_75,drnic/javascript-unittest-tmbundle,[]
r_76,engineyard/eycap,['Ruby']
r_77,leahneukirchen/gitsum,['Emacs Lisp']
r_78,wayneeseguin/sequel-model,['Ruby']
r_79,kevinclark/god,"['Ruby', 'C', 'JavaScript']"
r_80,hornbeck/blerb-core,"['Ruby', 'JavaScript', 'PHP']"
r_81,brosner/django-mptt,['Python']
r_82,technomancy/bus-scheme,"['Ruby', 'Scheme']"
r_83,caged/javascript-bits,"['JavaScript', 'Ruby']"
r_84,caged/groomlake,['Ruby']
r_85,sevenwire/forgery,"['Ruby', 'HTML']"
r_86,technicalpickles/ambitious-sphinx,['Ruby']
r_87,lazyatom/soup,['Ruby']
r_88,josh/rails,"['Ruby', 'CSS', 'JavaScript', 'Bison']"
r_89,cdcarter/backpacking,"['Io', 'CSS']"
r_90,jnewland/capsize,"['Ruby', 'JavaScript']"
r_91,bs/starling,"['Ruby', 'JavaScript']"
r_92,sr/ape,['Ruby']
r_93,collectiveidea/awesomeness,['Ruby']
r_94,collectiveidea/audited,"['Ruby', 'JavaScript']"
r_95,collectiveidea/acts_as_geocodable,['Ruby']
r_96,collectiveidea/acts_as_money,['Ruby']
r_97,collectiveidea/calendar_builder,"['Ruby', 'JavaScript']"
r_98,collectiveidea/clear_empty_attributes,['Ruby']
r_99,collectiveidea/css_naked_day,['Ruby']
r_100,collectiveidea/imap_authenticatable,['Ruby']
r_101,collectiveidea/random_finders,['Ruby']
r_102,collectiveidea/with_action,['Ruby']
r_103,collectiveidea/graticule,"['Ruby', 'HTML', 'CSS']"
r_104,collectiveidea/tinder,"['Ruby', 'HTML', 'CSS']"
r_105,macournoyer/invisible,"['CSS', 'Ruby', 'HTML']"
r_106,tommorris/pyprofile,['Python']
r_107,adamwiggins/rush,['Ruby']
r_108,defunkt/ike,['Io']
r_109,mtodd/halcyon,"['Ruby', 'JavaScript']"
r_110,benburkert/cruisecontrolrb,"['Ruby', 'JavaScript']"
r_111,tommorris/opml-schema,"['XSLT', 'Ruby']"
r_112,tommorris/reddy,[]
r_113,shane/youtube-g,[]
r_114,defunkt/facebox,['JavaScript']
r_115,haml/haml,"['Ruby', 'Haml', 'HTML', 'C', 'Shell', 'Logos', 'Slim']"
r_116,lancecarlson/kissgen,['Ruby']
r_117,anotherjesse/exception_logger,"['Ruby', 'JavaScript']"
r_118,rsanheim/brain_buster,"['Ruby', 'CSS']"
r_119,mojombo/vanhelsing,"['Ruby', 'C']"
r_120,bryanl/linthicum,"['Ruby', 'JavaScript']"
r_121,adelcambre/textilizefu,['Ruby']
r_122,scharfie/slate,"['Ruby', 'JavaScript']"
r_123,halorgium/archangel,['Ruby']
r_124,halorgium/god,"['Ruby', 'C', 'JavaScript']"
r_125,drnic/newjs,"['Ruby', 'JavaScript']"
r_126,sferik/twitter,['Ruby']
r_127,jnunemaker/googlebase,['Ruby']
r_128,jnunemaker/googlereader,['Ruby']
r_129,jnunemaker/mirrored,['Ruby']
r_130,jnunemaker/scrobbler,"['Ruby', 'CSS']"
r_131,jnunemaker/lorem,['Ruby']
r_132,DocSavage/rails-authorization-plugin,['Ruby']
r_133,drnic/drnic_js_test_helpers,"['JavaScript', 'Ruby']"
r_134,psq/mephisto-erb-templates-plugin,['Ruby']
r_135,maddox/imdb,['Ruby']
r_136,delynn/userstamp,"['HTML', 'Ruby', 'CSS']"
r_137,defunkt/matzbot,['Ruby']
r_138,alexvollmer/pci4r,['Ruby']
r_139,marten/exposure,"['Ruby', 'JavaScript']"
r_140,gnufied/packet,"['Ruby', 'C']"
r_141,joshuamckenty/elderbrowser,"['CSS', 'JavaScript', 'Shell']"
r_142,kmarsh/git-wiki,['Ruby']
r_143,halorgium/merb-core,"['Ruby', 'JavaScript']"
r_144,imownbey/jim,['Io']
r_145,mudge/blankable,['Ruby']
r_147,halfbyte/portmidi-ruby,"['C', 'Ruby']"
r_148,pjhyett/vjot,"['JavaScript', 'Ruby']"
r_149,pjhyett/errcount,['Ruby']
r_150,reinh/jquery-autocomplete,['JavaScript']
r_151,anotherjesse/finally,['JavaScript']
r_152,cannikin/alfred,"['Ruby', 'JavaScript']"
r_153,jnewland/github-campfire,['Ruby']
r_154,jnicklas/merb-more,"['Ruby', 'JavaScript']"
r_155,jnicklas/merb-core,"['Ruby', 'JavaScript']"
r_156,bigfleet/blanket,['Ruby']
r_157,sr/merb-more,['Ruby']
r_158,leahneukirchen/rubyports,['Ruby']
r_159,lypanov/wordcram,"['JavaScript', 'Ruby', 'Java', 'Objective-C', 'C', 'Python', 'C++', 'ActionScript']"
r_160,sr/dumbapp,['Ruby']
r_161,raymorgan/merl,['Erlang']
r_162,zackchandler/squawk-micro,['Ruby']
r_163,cdcarter/io,"['C', 'HTML', 'Io', 'Objective-C', 'C++', 'Makefile', 'Emacs Lisp', 'Groff', 'Python', 'Ragel in Ruby Host', 'Assembly', 'Vim Script', 'CSS', 'Shell']"
r_164,KirinDave/fuzed-old,"['Ruby', 'Erlang', 'C', 'JavaScript']"
r_165,drnic/comment_replies,"['JavaScript', 'Ruby']"
r_166,kmarsh/tumblr,"['Ruby', 'HTML', 'CSS']"
r_167,anildigital/codesnippets,['Ruby']
r_168,toretore/barby,['Ruby']
r_169,kastner/sin,['Ruby']
r_170,drnic/jsunittest,"['JavaScript', 'Ruby']"
r_171,tobi/delayed_job,['Ruby']
r_172,halorgium/admin_tasks,['Ruby']
r_173,abhay/chronic,['Ruby']
r_174,nullstyle/ruby-satisfaction,['Ruby']
r_175,jwhitmire/llor-nu-legacy,"['Ruby', 'JavaScript']"
r_176,robbyrussell/rubyurl,"['Ruby', 'HTML', 'JavaScript', 'CSS']"
r_177,adelcambre/rubyurl,"['Ruby', 'JavaScript']"
r_178,francois/mor7-google-charts-demo,"['Ruby', 'JavaScript']"
r_180,trevorturk/eldorado,"['Ruby', 'JavaScript']"
r_181,rsl/stringex,['Ruby']
r_182,james/freefall,"['Ruby', 'JavaScript']"
r_183,al3x/git-wiki,"['JavaScript', 'Ruby']"
r_184,jarkko/kroonikko,[]
r_185,KirinDave/bus-scheme,"['Ruby', 'Scheme']"
r_186,dgoodlad/bindata,['Ruby']
r_187,caffo-archived/bookqueue,"['Ruby', 'JavaScript']"
r_188,yrashk/strokedb,['Ruby']
r_189,jdhuntington/bus-scheme,"['Ruby', 'Scheme']"
r_190,trey/yark,['PHP']
r_191,nakajima/capistrano-bells,['Ruby']
r_192,nakajima/calendar-maker,['Ruby']
r_193,urubatan/mydry,['Ruby']
r_194,judofyr/gemify,['Ruby']
r_195,macournoyer/mor7,['Ruby']
r_196,jredville/blog,"['Ruby', 'JavaScript']"
r_197,ericallam/hairball,['Ruby']
r_198,jackdempsey/merb-core,"['Ruby', 'JavaScript']"
r_199,cdwillie76/evm-portal,"['Ruby', 'JavaScript']"
r_200,cbowns/cpu-history,['Objective-C']
r_201,jackdempsey/attachmerb_fu,['Ruby']
r_202,anotherjesse/elasticfox,"['JavaScript', 'Shell']"
r_203,anotherjesse/git-wiki,['Ruby']
r_204,collectiveidea/awesome_nested_set,['Ruby']
r_205,sd/embedded-actions,['Ruby']
r_206,mbbx6spp/metafusion,['Ruby']
r_207,kevinansfield/viper,"['Ruby', 'JavaScript']"
r_208,pontus/punktfiler,"['Common Lisp', 'Shell']"
r_209,lachie/logeye,"['Ruby', 'JavaScript', 'Objective-C']"
r_210,tobi/mephisto_textlinkads,['Ruby']
r_211,halorgium/nginx,[]
r_212,technicalpickles/feedbarn,['Ruby']
r_213,reinh/reinh-com,"['JavaScript', 'Ruby']"
r_214,jnewland/fireeagle,['Ruby']
r_215,nakajima/many-mailers,['Ruby']
r_216,IoLanguage/io,"['C', 'Io', 'HTML', 'C++', 'CMake', 'Emacs Lisp', 'Objective-C', 'Assembly', 'Vim Script', 'Roff', 'Shell', 'Rich Text Format', 'JavaScript', 'Makefile', 'Dockerfile', 'Batchfile']"
r_217,jaikoo/rvideo,"['Ruby', 'JavaScript']"
r_218,shadowmaru/cd-covers,"['Ruby', 'JavaScript']"
r_219,sxross/ruby-on-rails-tmbundle,['Ruby']
r_220,andykent/jquery-humanize-messages-plugin,[]
r_221,mojombo/fixture-scenarios,['Ruby']
r_222,zachinglis/rails-plugins,['Ruby']
r_223,rtomayko/date-performance,"['Ruby', 'C']"
r_224,labria/rails-ssl-authentication,"['Ruby', 'JavaScript']"
r_225,seven1m/onebody,"['Ruby', 'Haml', 'CSS', 'HTML', 'JavaScript', 'CoffeeScript', 'SCSS', 'Shell']"
r_226,russ/jacks-php,['PHP']
r_227,anildigital/getfake,"['Ruby', 'JavaScript']"
r_228,nkallen/effen,['JavaScript']
r_229,jparker/template,"['Ruby', 'JavaScript']"
r_230,TekNoLogic/TourGuide,['Lua']
r_231,ELLIOTTCABLE/fora,['Ruby']
r_232,lilyball/dcbot,['Ruby']
r_233,igouss/cudgel,[]
r_234,seaofclouds/micro,"['JavaScript', 'Ruby']"
r_235,tobi/cacheable,['Ruby']
r_236,seaofclouds/micro-theme,[]
r_237,lypanov/icaltodoscheduler,['Objective-C']
r_238,jney/catface,['JavaScript']
r_239,alex/pyelection,['Python']
r_240,lydgate/git-todo-py,['Python']
r_241,piclez/merb-core,"['Ruby', 'JavaScript']"
r_242,piclez/merb-more,['Ruby']
r_243,piclez/merb-plugins,['Ruby']
r_244,jicksta/ami-ragel,['Ruby']
r_245,weepy/test,[]
r_246,olivM/hydrate,[]
r_247,sintaxi/pmpknpi,"['JavaScript', 'Ruby']"
r_248,rmanalan/restful-authentication,['Ruby']
r_249,rmanalan/facebox,"['JavaScript', 'Shell']"
r_250,shantanoo/bhandar,"['Python', 'Perl']"
r_251,halorgium/gcbot,[]
r_252,mislav/will_paginate,"['Ruby', 'Shell']"
r_253,rmanalan/socialgraph-viewer,['JavaScript']
r_254,lypanov/ruvi,['Ruby']
r_255,caius/soco,"['PHP', 'JavaScript']"
r_256,codahale/ruby-gsl,"['C', 'Ruby']"
r_257,lsegal/yard,"['Ruby', 'HTML', 'CSS', 'JavaScript']"
r_258,joseph/castanaut,"['Ruby', 'JavaScript']"
r_259,drnic/ruby-tmbundle,['Ruby']
r_260,drnic/html-tmbundle,['Ruby']
r_261,noin/orb,"['Ruby', 'JavaScript']"
r_262,bartcortooms/ikhebhonger,"['JavaScript', 'Ruby']"
r_263,sprinkle-tool/sprinkle,"['Ruby', 'HTML']"
r_264,julesss/wlwdeezerplayer,[]
r_265,gilesbowkett/utility-belt,['Ruby']
r_266,labria/restful-authentication,['Ruby']
r_267,dpetersen/ruby-screen,"['Ruby', 'JavaScript']"
r_268,aharper/eatingsafe,[]
r_269,bricooke/name_parser,['Ruby']
r_270,marcinpohl/vebiasoptimizer,['Objective-C']
r_271,drudru/ext_scaffold,"['Ruby', 'JavaScript']"
r_272,ckhsponge/spongewolf,"['Ruby', 'JavaScript']"
r_273,dag/amazing,['Ruby']
r_274,pdsphil/ruby-merlin,['Ruby']
r_275,tekkub/tekkonfig,['Lua']
r_276,pdsphil/ruby-idology,['Ruby']
r_277,mascarenhas/luaclr,"['Lua', 'C#']"
r_278,jasonm/bricklet-core,[]
r_279,gensym/bookeater,[]
r_280,chuyeow/facon,['Ruby']
r_281,vanpelt/stat,[]
r_282,Norgg/rubynomic,['Ruby']
r_283,bscofield/depth-charge,"['Ruby', 'JavaScript']"
r_284,myabc/portfolio,"['Ruby', 'JavaScript']"
r_285,lukeredpath/clickatell,"['Ruby', 'JavaScript', 'CSS', 'HTML']"
r_286,aanand/do_notation,['Ruby']
r_287,shingara/pictrails,"['Ruby', 'JavaScript']"
r_288,ctran/annotate_models,['Ruby']
r_289,alce/blueprint_layout,['Ruby']
r_290,enhiro/wp_theme_victoria,[]
r_291,travis/cosmo,"['Java', 'JavaScript', 'Python', 'Ruby', 'Perl', 'Shell']"
r_292,francois/fogbugz-svnhook,[]
r_293,mislav/haml,"['Ruby', 'Emacs Lisp']"
r_294,gregwebs/quicktest,['Ruby']
r_295,bcbroom/getfamilliarwithgit,[]
r_296,bobbyrward/tonal,"['Python', 'Shell']"
r_297,daly/axiom,"['PostScript', 'HTML', 'TeX', 'Tcl', 'Common Lisp', 'JavaScript', 'Makefile', 'CSS', 'C', 'Shell', 'Dockerfile']"
r_298,bloodearnest/deal,"['Python', 'Shell']"
r_299,jesper/knuff,['C++']
r_300,Judeqiu/testprj,[]
r_301,haberman/gazelle,"['Lua', 'C', 'Makefile', 'Shell']"
r_302,haberman/fast-recs-collate,['C']
r_303,francois/family_budget,"['JavaScript', 'Ruby']"
r_304,drnic/javascript-jquery-tmbundle,[]
r_305,AndrewO/markable,['Ruby']
r_306,KirinDave/erlenmeyer,['Scheme']
r_307,anaisbetts/yikes,"['C', 'C++', 'Assembly', 'Shell', 'Groff', 'Perl', 'JavaScript', 'Makefile', 'Ruby', 'HTML', 'XSLT', 'Objective-C', 'NSIS', 'IDL', 'CSS']"
r_308,mojombo/erlenmeyer,['Scheme']
r_309,sudachen/python-tool-legacy,"['C', 'Python', 'C++', 'Assembly', 'Makefile', 'Perl', 'Shell']"
r_310,bousquet/tableau,"['Ruby', 'JavaScript']"
r_311,davemerwin/blue-channel,['Python']
r_312,maborg/weshowthemoney-com,"['Java', 'Prolog']"
r_313,jdp/tarn,"['Lua', 'C']"
r_314,davemerwin/jquery,"['JavaScript', 'PHP']"
r_315,slim/bazdig,"['PHP', 'JavaScript', 'Perl', 'Shell']"
r_316,defunkt/github-gem,['Ruby']
r_317,snoack/music-renamer,['Python']
r_318,sverrejoh/emacs-torrent,['Emacs Lisp']
r_319,ask/roleplay,"['Python', 'Shell']"
r_320,pjay/mediabumper,"['Ruby', 'JavaScript']"
r_321,lvaruzza/cl-randist,"['Common Lisp', 'HTML', 'Shell']"
r_322,bloodearnest/thesis,"['TeX', 'Makefile']"
r_323,santry/db_console,['Ruby']
r_324,cobrien/merb-core,"['Ruby', 'JavaScript']"
r_325,sunny/srename,['Ruby']
r_326,davemerwin/django-mptt,['Python']
r_327,brad/mizar2cl,[]
r_328,shillcock/lmkproject,['Shell']
r_329,lmarlow/gemedit,['Ruby']
r_330,aasm/aasm,"['Ruby', 'Dockerfile']"
r_331,kangax/prototype-tmbundle,[]
r_332,gerard/mortal-coil,['C']
r_333,timcharper/fixture-scenarios,['Ruby']
r_334,psi/mongrel_proctitle,['Ruby']
r_335,ebassi/json-glib,"['C', 'Meson', 'Python', 'Shell']"
r_336,crafterm/piccr,"['Ruby', 'JavaScript']"
r_337,auser/sinatra,['Ruby']
r_338,scrooloose/vimfiles,"['Vim Script', 'Vim Snippet', 'Shell']"
r_339,fightinjoe/fightinjoe-merb-blog,"['Ruby', 'JavaScript']"
r_340,crafterm/capture,"['Ruby', 'JavaScript']"
r_341,alltom/vocab,"['Ruby', 'JavaScript']"
r_342,PhilGeek/raz,"['TeX', 'Awk', 'Shell']"
r_343,taf2/rpy,"['Python', 'Ruby', 'C']"
r_344,sotirac/action_mailer_tls,[]
r_345,brenton/puppet,"['Ruby', 'Shell', 'Puppet', 'Emacs Lisp', 'Vim Script', 'Python', 'Makefile', 'HTML']"
r_346,naryga/alm-familyfellowship-com,"['JavaScript', 'PHP', 'Perl', 'Shell']"
r_347,kevindamm/ir-toys,[]
r_348,horndude77/open-scores,['LilyPond']
r_349,heycarsten/email-veracity,['Ruby']
r_350,bryansray/tempo,"['JavaScript', 'Ruby']"
r_351,aggieben/weblocks,"['Common Lisp', 'JavaScript']"
r_352,brucem/ezapprove2,['PHP']
r_353,mattetti/merb-plugins,"['JavaScript', 'Ruby', 'Perl']"
r_354,myabc/merb_mart,"['Ruby', 'JavaScript']"
r_355,quamen/enki,"['Ruby', 'JavaScript']"
r_356,toke/records-at-large,['Python']
r_357,xaviershay/enki-vim,['Ruby']
r_358,aflatter/miter,"['Ruby', 'JavaScript']"
r_359,rtomayko/hem,"['C', 'Shell']"
r_360,RyanSpeaking/t-ch-y,[]
r_361,ozamosi/ircious,"['Python', 'JavaScript']"
r_362,Bjwebb/audenshaw-group-cms,"['PHP', 'JavaScript', 'Shell']"
r_363,amandasaurus/camarabuntu,"['C', 'Python', 'JavaScript', 'Perl', 'Shell']"
r_364,rabble/icalico,['Ruby']
r_365,sporkmonger/gentlerest,['Ruby']
r_366,nathansobo/treetop,"['Ruby', 'Gnuplot']"
r_367,shadoi/puppet,"['Ruby', 'Emacs Lisp', 'Vim Script', 'Python']"
r_368,cbowns/delicious-meal,['Objective-C']
r_369,danielmorrison/sxsw,['Ruby']
r_370,yolfer/joe-solving-np-complete-problems,[]
r_371,eggie5/acts_as_exclusive,['Ruby']
r_372,kziv/daonut,['PHP']
r_373,dustin/java-memcached-client,"['Java', 'HTML', 'XSLT', 'Shell']"
r_374,tacvbo/yacleaner,[]
r_375,seaofclouds/good-browser-bad-browser,"['Ruby', 'JavaScript']"
r_376,pd/rspec_hpricot_matchers,[]
r_377,dustin/buildwatch,"['Objective-C', 'C', 'Python']"
r_379,dchelimsky/rspec,"['Ruby', 'HTML', 'Gherkin']"
r_380,dustin/ruby-freebase,['Ruby']
r_381,joshuamckenty/contentpackmaker,"['JavaScript', 'Shell']"
r_382,halorgium/github-gem,['Ruby']
r_383,tommorris/n3-tmbundle,[]
r_384,halorgium/servitor,['Ruby']
r_385,osteele/functional-javascript,"['JavaScript', 'HTML', 'CSS', 'Ruby']"
r_386,osteele/sequentially,['JavaScript']
r_387,osteele/pyfsa,"['Python', 'Shell']"
r_388,osteele/fluently,['JavaScript']
r_389,mephistorb/mephisto,"['Ruby', 'JavaScript']"
r_390,francois/mephisto,"['Ruby', 'JavaScript']"
r_391,nicksieger/stickshift,['Ruby']
r_392,dustin/photo,"['Common Lisp', 'Java', 'JavaScript', 'Python']"
r_393,scrooloose/chesticles,['Ruby']
r_394,nex3/jazz,"['C', 'JavaScript', 'Shell']"
r_395,crafterm/guitarzero,"['Ruby', 'JavaScript']"
r_396,gnu-lorien/crapvine,['Python']
r_397,gnu-lorien/crack-attack,"['C++', 'C', 'Shell']"
r_398,easytiger/mamafs_full,['C++']
r_399,halorgium/chesticles,['Ruby']
r_400,larssg/score-keeper,"['Ruby', 'JavaScript', 'CSS', 'HTML', 'Gherkin']"
r_401,jnewland/resource_this,['Ruby']
r_402,Imbrondir/majocontrol,['Java']
r_403,beastaugh/tarski-utilities,['Ruby']
r_404,jruby/warbler,"['Ruby', 'Java', 'HTML', 'SCSS', 'JavaScript', 'CSS', 'CoffeeScript']"
r_405,dennis/msync,"['C', 'Shell']"
r_406,calumr/flurry,"['C', 'Objective-C', 'Shell']"
r_407,MighMoS/pa2,['C++']
r_408,ci-reporter/ci_reporter,['Ruby']
r_409,nicksieger/jrexml,['Ruby']
r_410,rictic/test-parser,"['Ruby', 'JavaScript']"
r_411,pingswept/pysolar,"['Jupyter Notebook', 'Python']"
r_412,r38y/ck_fu,['Ruby']
r_413,dennis/bzlauncher,"['C++', 'C', 'Shell']"
r_414,thelema/coml,['OCaml']
r_415,vito/uploader,"['JavaScript', 'PHP']"
r_416,heimidal/merb-plugins,[]
r_417,caged/gitnub,"['Ruby', 'Objective-C']"
r_418,ayman/fireeagle-javascript-lib,"['JavaScript', 'PHP']"
r_419,halorgium/merb-more,['Ruby']
r_420,halorgium/merb-plugins,['Ruby']
r_421,code-later/nostromo,"['Java', 'Ruby']"
r_422,ctrochalakis/django-markuputils,['Python']
r_423,fastman/biblioteka,[]
r_424,seangeo/ratom,['Ruby']
r_425,ELLIOTTCABLE/ruby-svg,['Ruby']
r_426,easytiger/jquoteticker,['Java']
r_427,brynary/webrat,"['Ruby', 'JavaScript']"
r_428,joshsusser/migration_concordance,['Ruby']
r_429,brynary/rspec,['Ruby']
r_430,dchelimsky/webrat,"['Ruby', 'JavaScript']"
r_431,peimei/has_many_tenses,['Ruby']
r_432,joshknowles/db-populate,['Ruby']
r_433,joshknowles/rspec-on-rails-matchers,['Ruby']
r_434,robbyrussell/active_delegate,['Ruby']
r_435,ozamosi/tomboy-blogposter,['C#']
r_436,daaku/tempdir,['Ruby']
r_437,kamal/webrat,"['Ruby', 'JavaScript']"
r_438,mvanholstyn/strac,"['Ruby', 'JavaScript']"
r_439,nickb/yahtzee,['Ruby']
r_440,scrooloose/yahtzee,['Ruby']
r_441,bisho/wsdl-gen-for-php,[]
r_442,metavida/castanaut,"['Ruby', 'JavaScript']"
r_443,stan/how-to,['Ruby']
r_444,cypher/utilitybelt,['Ruby']
r_445,ruphy/oxy-cursors,[]
r_446,rubyisbeautiful/merb-core,"['Ruby', 'JavaScript']"
r_447,ryanbriones/fluid-twitter,['JavaScript']
r_448,alltom/calltom,['C']
r_449,timcharper/git-tmbundle,"['Ruby', 'JavaScript']"
r_450,kassoulet/dose2,['C']
r_451,teamtux/sgh,[]
r_452,redmar/merb-more,['Ruby']
r_453,redmar/merb-plugins,['Ruby']
r_454,ELLIOTTCABLE/System,"['Vim Script', 'Shell', 'Lua', 'Sieve', 'Perl', 'Ruby', 'AutoHotkey', 'AppleScript', 'JavaScript', 'CSS', 'TypeScript', 'CoffeeScript', 'PowerShell']"
r_455,clee/mobilepushr,['Objective-C']
r_456,technoweenie/mephisto,"['Ruby', 'JavaScript']"
r_457,bruce/keyword_search,"['Ruby', 'Ragel in Ruby Host']"
r_458,nicksieger/attachment_fu,['Ruby']
r_459,robbyrussell/textilizefu,['Ruby']
r_460,halorgium/capistrano,['Ruby']
r_461,technoweenie/masochism,['Ruby']
r_462,rtomayko/adoc-themes,['Ruby']
r_463,robbyrussell/masochism,['Ruby']
r_464,technoweenie/active_record_context,['Ruby']
r_465,ActsAsParanoid/acts_as_paranoid,['Ruby']
r_466,technoweenie/acts_as_versioned,['Ruby']
r_467,technoweenie/permalink_fu,['Ruby']
r_468,technoweenie/model_stubbing,['Ruby']
r_469,technoweenie/relative_time_helpers,['Ruby']
r_470,technoweenie/viking,"['Ruby', 'JavaScript']"
r_471,matthewd/ruby-mozjs,"['C', 'Ruby', 'JavaScript']"
r_472,quicklywilliam/multiclutch,"['Objective-C', 'C', 'Shell']"
r_473,quicklywilliam/task-view,['Objective-C']
r_474,quicklywilliam/meditation-timer,['Objective-C']
r_475,ianloic/git-wiki,"['JavaScript', 'Ruby']"
r_476,yuri/sputnik,"['Lua', 'Shell', 'HTML', 'Python', 'Makefile']"
r_477,psq/mephisto-haml-templates-plugin,['Ruby']
r_478,sgala/gajim,"['Python', 'C', 'Objective-C', 'Scheme', 'Shell']"
r_479,kerryb/jquery_spike,"['JavaScript', 'Ruby']"
r_480,peimei/actsassubscribeable,['Ruby']
r_481,Wobin/xparky,['Lua']
r_482,ebassi/talk,"['Python', 'Shell']"
r_483,abbra/samba3-howto-russian,[]
r_484,zapnap/database_form,"['Ruby', 'JavaScript']"
r_485,sunny/daylist,['Ruby']
r_486,patmaddox/instance_validations,['Ruby']
r_487,ruphy/tagua,"['C++', 'C', 'Lua', 'Ruby', 'Shell']"
r_488,patmaddox/no-peeping-toms,['Ruby']
r_489,patmaddox/rspec-plugin-generator,['Ruby']
r_490,adelcambre/masochism,['Ruby']
r_491,tnt4brain/samba3-howto-russian,[]
r_492,yolk/miter,"['Ruby', 'JavaScript']"
r_493,booleanman/rackinterfacefilter,"['Java', 'Ruby']"
r_494,bfolkens/hostipfox-firefox-plugin,"['JavaScript', 'Shell']"
r_495,simonpk/j2me-oauth,['Java']
r_496,JackDanger/immutable_attributes,['Ruby']
r_497,JackDanger/permanent_records,"['Ruby', 'Shell']"
r_498,JackDanger/sweet_assets,['Ruby']
r_499,JackDanger/simple_pages,['Ruby']
r_500,JackDanger/cached_values,['Ruby']
r_501,Fudge/gltrail,['C++']
r_502,melo/torresmos-tv,[]
r_503,virtuoso/koowaldah,"['C', 'Shell']"
r_504,jeremyf/rspec_on_rails_nested_scaffold,['Ruby']
r_505,mza/mofo,"['JavaScript', 'Ruby']"
r_506,SteveMarshall/fire-eagle-python-binding,['Python']
r_507,mully/redmine_ticket_emailer,['Ruby']
r_508,eventualbuddha/sake-git,['Ruby']
r_509,simonpk/fireeagle-updater-midlet,['Java']
r_510,redondos/random-scripts,"['Shell', 'JavaScript', 'Python', 'Ruby', 'Perl']"
r_511,mlandauer/earth,"['Ruby', 'CSS', 'Perl', 'JavaScript']"
r_512,drnic/rubigen,['Ruby']
r_513,davemerwin/satchmo,['Python']
r_514,drnic/newgem,"['Ruby', 'JavaScript']"
r_515,composite-primary-keys/composite_primary_keys,"['Ruby', 'JavaScript', 'HTML', 'CSS']"
r_516,mlarocque/rails-template,"['Ruby', 'JavaScript']"
r_517,jnewland/boolean_web_service,['Ruby']
r_518,zdennis/rspec,"['Ruby', 'JavaScript']"
r_519,pcapriotti/github-trac,['Python']
r_520,krobertson/tidbits,['C']
r_521,AndrewO/rubycas-client,['Ruby']
r_522,mattetti/globalite,['Ruby']
r_523,mattetti/mimetype-fu,['Ruby']
r_524,mattetti/ar-backup,['Ruby']
r_525,avh4/time-tracker-for-mac,"['Objective-C', 'Ruby', 'Python']"
r_526,fightinjoe/merb-more,['Ruby']
r_527,fightinjoe/merb-plugins,['Ruby']
r_528,Sigurd/strokedb,['Ruby']
r_529,ruphy/plasma-physics-animator,['C++']
r_530,spejman/rails-generator-generator,['Ruby']
r_531,gregwebs/jquery-tablelib,"['JavaScript', 'Ruby']"
r_532,gregwebs/jquery-uitableedit,"['JavaScript', 'Ruby']"
r_533,code-lts/jquery-uitablefilter,"['JavaScript', 'HTML']"
r_534,jasherai/xss_terminate,['Ruby']
r_535,jasherai/git-rails,['Ruby']
r_536,pcapriotti/skema,"['Ruby', 'JavaScript', 'C++']"
r_537,ruphy/skema,"['Ruby', 'JavaScript', 'C++']"
r_538,cannikin/dovetail,"['Ruby', 'JavaScript']"
r_539,h-lame/vanilla-rb,"['Ruby', 'JavaScript']"
r_540,h-lame/soup,['Ruby']
r_541,agrover/winamp-midi-control,"['C', 'Rust']"
r_542,programming-nu/nu,"['Objective-C', 'Nu', 'Emacs Lisp', 'HTML', 'Ruby', 'Shell', 'Makefile']"
r_543,infil00p/dogonrails,"['Ruby', 'JavaScript']"
r_544,dwillis/fumblerooski,['Python']
r_545,zeke/firefox-history-analyzer,['Ruby']
r_546,methodmissing/cache_fu,['Ruby']
r_547,MighMoS/freetrail,"['C++', 'Shell']"
r_548,jwarchol/arfbot,['Ruby']
r_549,jonner/agave2,"['C++', 'Shell']"
r_550,tobi/locking,['Ruby']
r_551,codahale/hadoop-streaming,['Python']
r_552,stesla/lambda,['OCaml']
r_553,stesla/ocamlobjs,['OCaml']
r_554,sbecker/asset_packager,['Ruby']
r_555,hoverbird/viddlerruby,['Ruby']
r_556,minimagick/minimagick,"['Ruby', 'Shell']"
r_557,myelin/fireeagle-php-lib,['PHP']
r_558,jrun/rstack,['Ruby']
r_559,angelo0000/has_many_tenses,['Ruby']
r_560,kjell/flick-fleck,['Ruby']
r_561,kemayo/maphilight,"['JavaScript', 'Python']"
r_562,eggie5/mimetype-fu,['Ruby']
r_563,schacon/git-wiki,"['JavaScript', 'Ruby']"
r_564,disnet/webvo,"['JavaScript', 'Java', 'Ruby', 'Python', 'Shell']"
r_565,JackDanger/object_proxy,['Ruby']
r_566,psq/waves_rspec,['Ruby']
r_567,halorgium/grit,['Ruby']
r_568,be9/brake,"['Ruby', 'C']"
r_569,andykent/polypage,['JavaScript']
r_570,shingara/ar-backup,['Ruby']
r_571,ericgoodwin/gitty-migrations,['Ruby']
r_572,shingara/whotowho,"['Ruby', 'JavaScript']"
r_573,JJ/tutorial,[]
r_574,jamiew/white-glove-tracking,['JavaScript']
r_575,scharfie/gabby,"['Ruby', 'JavaScript']"
r_576,jamiew/rolldabeats-lookup,['Python']
r_577,jamiew/filemark-maker,['Perl']
r_579,jonmagic/optik,"['JavaScript', 'Ruby']"
r_580,jonmagic/sixsigmaforms,"['JavaScript', 'Ruby', 'ActionScript']"
r_581,robertknight/konsole,"['C++', 'C', 'Perl', 'Shell']"
r_582,thelema/ocaml-community,"['OCaml', 'C', 'Emacs Lisp', 'Assembly', 'Shell', 'Objective-C', 'Standard ML', 'JavaScript', 'C++', 'Tcl', 'Fortran', 'C#']"
r_583,alex/django-plugins,['Python']
r_584,halorgium/ruby-git,['Ruby']
r_585,mattetti/sdruby-raffle,"['Ruby', 'JavaScript']"
r_586,banderson623/javascridialog,['JavaScript']
r_587,lilyball/decafbland-limechat,[]
r_588,swsnider/portfolio,"['Python', 'JavaScript', 'Shell']"
r_589,robhudson/django-ignite,['Python']
r_590,nakajima/aintablog,"['Ruby', 'JavaScript']"
r_591,chuyeow/can_has_cached,"['Ruby', 'JavaScript']"
r_592,arunthampi/can_has_cached,"['Ruby', 'JavaScript']"
r_593,moustaki/flatscrap,['Python']
r_594,reinh/merb-vs-rails,[]
r_595,mattetti/acts_as_taggable_on_steroids,['Ruby']
r_596,dc25/test1,[]
r_597,michaelklishin/storygen,['Ruby']
r_598,jasondew/learnstat,"['Ruby', 'JavaScript']"
r_599,joshsusser/range_set,['Ruby']
r_600,mja/aviary,"['Ruby', 'Shell']"
r_601,knzconnor/range_set,['Ruby']
r_602,galaxycats/nostromo,"['Ruby', 'Java', 'Shell', 'C']"
r_603,mojombo/erlectricity,"['Ruby', 'C', 'Erlang', 'Shell']"
r_604,ntalbott/cooloptions,['Ruby']
r_605,ntalbott/query_trace,['Ruby']
r_606,ntalbott/active_model,['Ruby']
r_607,gregwebs/methodchain,['Ruby']
r_608,drnic/datamapper-tmbundle,[]
r_609,adamwiggins/rest-client,['Ruby']
r_610,danimal/git-chdiff-scripts,"['Python', 'Shell']"
r_611,davemerwin/codereviewr,"['Python', 'JavaScript']"
r_612,aiwilliams/scenarios,['Ruby']
r_613,brad/codereviewr,"['Python', 'JavaScript']"
r_614,aiwilliams/plugit,['Ruby']
r_615,mackstann/whimsy,"['Python', 'Shell']"
r_616,na/codereviewr,"['Python', 'JavaScript']"
r_617,pius/tamarind,"['Ruby', 'JavaScript']"
r_618,mattetti/gitnub,"['Ruby', 'Objective-C']"
r_619,drnic/merb-tmbundle,['Ruby']
r_620,danderson/pywebgen,"['Python', 'JavaScript', 'Shell']"
r_621,nex3/perspective-el,"['Emacs Lisp', 'Makefile']"
r_622,morgs/poll-builder,['Python']
r_623,laurio/dot-emacs,['Emacs Lisp']
r_624,bricooke/assistance,['Ruby']
r_625,mmower/godo,['Ruby']
r_626,scvalex/dissemina,['C']
r_627,timothykim/dpss,['Python']
r_628,timburks/nuyaml,"['C', 'Objective-C', 'Nu']"
r_629,myabc/merb_global,['Ruby']
r_630,timburks/nupagepacker,"['Nu', 'Objective-C']"
r_631,oliver/tangoclawsextended,['Perl']
r_632,timburks/numarkdown,"['Nu', 'Perl', 'Objective-C']"
r_633,timburks/Nunja,"['Objective-C', 'Nu', 'C']"
r_634,anildigital/digitalcodes-org,[]
r_635,infil00p/wifidog---freethenet-client,"['C', 'Shell']"
r_636,rbriski/python-adwords-api,['Python']
r_637,jnicklas/merb-plugins,"['Ruby', 'JavaScript']"
r_638,bricooke/sequel_mailer,['Ruby']
r_639,gregwebs/module-import,['Ruby']
r_640,mchung/mchung-code,['Ruby']
r_641,mralex/analog,['PHP']
r_642,timburks/nufound,"['Objective-C', 'Shell', 'C']"
r_643,schacon/git-ruby,['Ruby']
r_644,mtodd/aurora,"['Ruby', 'PHP']"
r_645,dagbrown/livejournaller,['Ruby']
r_646,nathansobo/screw-unit,"['JavaScript', 'Ruby']"
r_647,nkallen/arel,['Ruby']
r_648,matthiask/swisdk2,"['PHP', 'Smarty', 'JavaScript', 'XSLT', 'Shell']"
r_649,mja/blanket,['Ruby']
r_650,ralsina/russian-gallery,['Python']
r_651,febuiles/shipping_calc,[]
r_652,melo/alterego,['Perl']
r_653,lilyball/typo-wordpress,['Ruby']
r_654,mig/gedit-themes,['Shell']
r_655,lilyball/textmate-bundles,"['Ruby', 'Perl', 'Python', 'Objective-C', 'JavaScript', 'PHP', 'Shell', 'C', 'R', 'C++', 'OCaml', 'D', 'MATLAB', 'VHDL', 'ASP']"
r_656,cdb/socialactions-mashup-rssa-crawler-and-api,"['Ruby', 'JavaScript']"
r_657,hb/claws_mail_opensync_plugin,"['C', 'Shell']"
r_658,hb/claws-mail-sync,['C']
r_659,github/media,[]
r_660,kevinclark/ruby-kqueue,['Ruby']
r_661,maddox/cbs_sports,['Ruby']
r_662,ndarilek/rb-gps,['Ruby']
r_663,bruno/openaustralia-parser,['Ruby']
r_664,bruno/openaustralia-app,"['PHP', 'Perl', 'CSS', 'Python', 'Shell', 'C']"
r_665,dagbrown/flooterbuck,['Perl']
r_666,gabriel/capitate,"['Ruby', 'JavaScript', 'Shell']"
r_667,preservim/nerdtree,['Vim Script']
r_668,mattetti/merb-tmbundle,['Ruby']
r_669,preservim/nerdcommenter,['Vim Script']
r_670,anotherjesse/the-doctor,['Ruby']
r_671,halorgium/inline_executor,['Ruby']
r_672,aurelian/beast--contenteditor,['Ruby']
r_673,spree/spree,"['Ruby', 'HTML', 'Shell', 'JavaScript']"
r_674,Ramarren/cl-geometry,['Common Lisp']
r_675,scharfie/gnat,"['Ruby', 'JavaScript']"
r_676,tomtt/emacs-rails,['Emacs Lisp']
r_677,fabien/merb-core,"['Ruby', 'JavaScript']"
r_678,fabien/merb-more,['Ruby']
r_679,fabien/merb-plugins,['Ruby']
r_680,Ramarren/cl-symbolic-math,['Common Lisp']
r_681,JJ/wiki2fb2,['Perl']
r_682,bakineggs/cars,"['JavaScript', 'PHP']"
r_683,AndrewO/page_attachments,"['Ruby', 'JavaScript']"
r_684,patrickt/nuki,['Nu']
r_685,drw/redo-py,[]
r_686,lmarlow/godo,['Ruby']
r_687,dfischer/rspec-haml-scaffold-generator,['Ruby']
r_688,twobit/twobit.github.com,[]
r_689,booss/merb-profile,['Ruby']
r_690,radar/rboard,"['Ruby', 'JavaScript']"
r_691,jaehess/powncer,['Ruby']
r_692,kamal/fireeagle,['Ruby']
r_693,francois/viking,['Ruby']
r_694,freels/radiant-extensions,['Ruby']
r_695,benschwarz/flickr-rest,['Ruby']
r_696,pontus/imapfilter,"['Python', 'Shell']"
r_697,DrMark/ultrasphinx,"['Ruby', 'JavaScript']"
r_698,Geert/idscms,['Ruby']
r_699,martinstannard/iridetowork,"['Ruby', 'CSS', 'JavaScript', 'Perl']"
r_700,sudara/alonetone,"['Ruby', 'SCSS', 'HTML', 'JavaScript', 'CSS', 'Shell']"
r_701,vickeryj/annotate_models,"['Ruby', 'JavaScript']"
r_702,fabien/attachmerb_fu,['Ruby']
r_703,francois/attachment_fu,['Ruby']
r_704,herzi/rev-browser,"['C', 'Shell']"
r_705,buggedcom/pluginobject,"['JavaScript', 'ActionScript']"
r_706,prepor/dozorchat,"['Ruby', 'JavaScript']"
r_707,mterenzio/gangbuster,[]
r_708,patrickt/nuyaml,"['C', 'Objective-C', 'Nu']"
r_709,matschaffer/mechaflickr,"['Ruby', 'JavaScript']"
r_710,mleung/feather,"['Ruby', 'JavaScript', 'PHP']"
r_711,mattetti/swx-ruby,['Ruby']
r_712,lukemelia/facebox,"['JavaScript', 'Shell']"
r_713,tene/gil,"['Parrot', 'Perl']"
r_714,JackDanger/alphadecimal,['Ruby']
r_715,patrickt/nugit,"['Nu', 'Objective-C']"
r_716,topfunky/gruff,"['Ruby', 'Shell', 'Dockerfile']"
r_717,topfunky/sparklines,['Ruby']
r_718,gicmo/gvfs-dav-mount,"['C', 'Shell']"
r_719,nutrun/synthesis,['Ruby']
r_720,wesabe/puppet-apache2,"['HTML', 'Puppet', 'ApacheConf']"
r_721,dagbrown/gurgitate-mail,['Ruby']
r_722,usergenic/entrails,['Ruby']
r_723,dfischer/sexy_scaffold,['Ruby']
r_724,dandorman/lang,['Ruby']
r_725,dandorman/pegs,['Ruby']
r_726,kad3nce/swxruby,['Ruby']
r_727,rgrove/thoth,"['Ruby', 'HTML', 'JavaScript', 'CSS']"
r_728,mackstann/sqlite-constraint-msg,[]
r_729,defunkt/gibberish,['Ruby']
r_730,lukemelia/webrat,['Ruby']
r_731,defunkt/cheat,['Ruby']
r_732,defunkt/sake,['Ruby']
r_733,defunkt/nginx_config_generator,['Ruby']
r_734,defunkt/acts_as_textiled,['Ruby']
r_735,defunkt/fixture_scenarios_builder,['Ruby']
r_736,dagbrown/percolate-mail,['Ruby']
r_737,jackdempsey/acts_as_commentable,['Ruby']
r_738,singingfish/flooterbuck,['Perl']
r_739,scrooloose/sokoban,['Ruby']
r_740,vanpelt/merb_paginate,['Ruby']
r_741,georgepalmer/merb_paginate,['Ruby']
r_742,melo/notification-watcher,['Objective-C']
r_743,benschwarz/open-uri-memcached,['Ruby']
r_744,harrisj/qrencoder,"['Ruby', 'C']"
r_745,harrisj/amazon-sdb,['Ruby']
r_746,filipe-zz/cashnuts,"['Ruby', 'JavaScript']"
r_747,sunny/wubmail,['Ruby']
r_748,dxoigmn/baffle,['Ruby']
r_749,francois/piston,['Ruby']
r_750,sethwalker/greenchange,"['JavaScript', 'Ruby', 'C', 'Vim Script']"
r_751,cpjolicoeur/feedcache,['PHP']
r_752,eklitzke/mehfil-scraper,"['Lua', 'Python']"
r_753,vargthon/alfarrubyo,"['Ruby', 'JavaScript']"
r_754,jm/rails-wiki,"['Ruby', 'JavaScript']"
r_755,mattetti/swxruby,['Ruby']
r_756,taf2/sick,[]
r_758,sco/fakebook,"['JavaScript', 'Ruby']"
r_759,osteele/lztestkit,['JavaScript']
r_760,dustin/gitnub,"['Ruby', 'Objective-C']"
r_761,vanpelt/merb-plugins,['Ruby']
r_762,percyperez/codereviewr,"['Python', 'JavaScript']"
r_763,mully/redmine_google_calendar,['Ruby']
r_764,TekNoLogic/GreedBeacon,['Lua']
r_765,al3x/whereisbritt,['Python']
r_766,mjc/isxwowui,['C#']
r_767,khigia/ocaml-fuzlog,['OCaml']
r_768,halorgium/steer,['Ruby']
r_769,wayneeseguin/vanhelsing,"['Ruby', 'C']"
r_770,KirinDave/nu,"['Objective-C', 'Nu', 'C', 'Assembly', 'HTML', 'Emacs Lisp', 'Ruby', 'Makefile', 'C++', 'Shell']"
r_771,benschwarz/flickr-wrapper,['Ruby']
r_772,cjmartin/pvarchive,['Ruby']
r_773,Grayson/nusmartypants,"['Nu', 'Objective-C']"
r_774,rwanderley/rswemacsconf,['Emacs Lisp']
r_775,taf2/rb-brill-tagger,"['C', 'Ruby', 'JavaScript', 'C++']"
r_776,tslocke/hobo,"['Ruby', 'JavaScript', 'Shell', 'Perl']"
r_777,ryanb/searchify,"['Ruby', 'JavaScript']"
r_778,zsombor/attachment_fu,['Ruby']
r_779,al3x/downforeveryoneorjustme,['Python']
r_780,wayneeseguin/attachmerb_fu,['Ruby']
r_781,rbriski/asvab,"['Python', 'JavaScript']"
r_782,squadette/checkpassword-pam,['C']
r_783,lilyball/gitnub,"['Ruby', 'Objective-C']"
r_784,lachie/molly,"['JavaScript', 'Ruby']"
r_785,vanpelt/merb-core,"['Ruby', 'JavaScript']"
r_786,spicycode/spicy-config,[]
r_787,chilts/libawssum-perl,['Perl']
r_788,paulsmith/templatemaker,"['Python', 'C']"
r_789,dfischer/fischyfriends,['Ruby']
r_790,stuarthalloway/phoenix-emacs,['Emacs Lisp']
r_791,jcfischer/intldatefield,['Ruby']
r_792,santry/blogtags,['Ruby']
r_793,santry/flickrtags,['Ruby']
r_794,santry/enkodertags,['Ruby']
r_795,relevance/smoke_signals,['Ruby']
r_796,kbingman/assets_extension,['Ruby']
r_797,mletterle/zliby,['Ruby']
r_798,SRabbelier/unsignedbyte,"['C', 'C++', 'Shell']"
r_799,bdelacey/fireeagle,['Ruby']
r_800,maddox/aim_status_helper,['Ruby']
r_801,maddox/quicktime_helper,"['JavaScript', 'Ruby']"
r_802,rsanheim/prag_dave_testing,['Ruby']
r_803,joekhoobyar/acts_as_changed,['Ruby']
r_804,drone-rites/topo,['Python']
r_805,arclanguage/anarki,"['Arc', 'Racket', 'Perl', 'Emacs Lisp', 'Vim Script', 'Terra', 'CSS', 'Shell', 'XSLT', 'Python', 'JavaScript', 'Batchfile']"
r_806,metaskills/remote_shared_cache,[]
r_807,timburks/nutcl,"['Objective-C', 'Nu']"
r_808,dacort/macdownloads,[]
r_809,myles-archive/django-basic-social,['Python']
r_810,jamesakers/rspec-haml-scaffold-generator,['Ruby']
r_811,omnifroodle/deck-of-any-things,['Ruby']
r_812,maddox/bracket_busters,"['JavaScript', 'Ruby']"
r_813,segfault/ruby-hl7,['Ruby']
r_814,ludwig/examples,"['Shell', 'C', 'C++', 'Python', 'Haskell', 'Objective-C', 'Perl', 'Java', 'Fortran', 'Lua']"
r_815,segfault/fastxml,"['C', 'Ruby']"
r_816,Bjwebb/opengl-test,['C++']
r_817,psychs/limechat,"['Objective-C', 'C', 'HTML', 'CSS', 'Ruby']"
r_818,problem/trails-oldschool,"['Ruby', 'JavaScript']"
r_819,ryenski/crossconnector,"['Ruby', 'JavaScript']"
r_820,lilyball/six,['Ruby']
r_821,lancecarlson/anvil,['Ruby']
r_822,jdelStrother/rspec,['Ruby']
r_823,brosner/django-sqlalchemy,['Python']
r_824,treybean/autofilter,['JavaScript']
r_825,joshuaclayton/jdclayton,"['Ruby', 'JavaScript']"
r_826,pontus/puppet-configuration,[]
r_827,igouss/config-files,['Shell']
r_828,timcharper/calendar_date_select,"['JavaScript', 'Ruby', 'HTML', 'CSS']"
r_829,potatosalad/acts_as_paranoid,['Ruby']
r_830,mudge/python-delicious,['Python']
r_831,mudge/collapsing-puzzle,['Java']
r_832,mdarby/restful_acl,['Ruby']
r_833,pjhyett/auto_migrations,['Ruby']
r_834,mislav/contacts,['Ruby']
r_835,anaisbetts/vcachefs,"['C', 'Shell']"
r_836,nex3/cheat,['Ruby']
r_837,anildigital/google-total,"['HTML', 'JavaScript', 'CSS']"
r_838,rmm5t/smhelper-obfuscated-email,['Ruby']
r_839,fightinjoe/exception_logger,"['Ruby', 'JavaScript']"
r_840,osteele/ropenlaszlo,"['Ruby', 'HTML']"
r_841,osteele/openlaszlo_plugin,"['JavaScript', 'Ruby']"
r_842,ook/netfind,[]
r_843,captproton/mephisto,"['Ruby', 'JavaScript']"
r_844,michaelmelanson/erlbot,['Erlang']
r_845,markofkin/patrick,[]
r_846,joshuamckenty/laterbuy,"['JavaScript', 'Shell']"
r_847,captproton/caboo-se-sample-app,"['Ruby', 'JavaScript']"
r_848,jseifer/find-param,['Ruby']
r_849,ebassi/xmlreader,"['C', 'Shell']"
r_850,stuart/google-authsub,['Ruby']
r_851,jney/facebox,"['JavaScript', 'Shell']"
r_852,courtenay/can_flag,['Ruby']
r_853,eklitzke/oakland-crime-scraper,['Python']
r_854,jm/dcov,['Ruby']
r_855,defunkt/sakerb,"['Ruby', 'JavaScript']"
r_856,defunkt/barefootexamples,"['Ruby', 'Shell']"
r_857,kaitanie/gittalk,"['TeX', 'Makefile']"
r_858,carlosbrando/custom_resource_name,['Ruby']
r_859,herzi/monkey-bubble,"['C', 'Shell']"
r_860,tkhozein/laterbuy,['JavaScript']
r_861,jdigger/todo-app,[]
r_862,smartkiwi/git-wiki,"['Ruby', 'JavaScript']"
r_863,ianloic/wordpress-svn,"['PHP', 'JavaScript']"
r_864,ddollar/vault,"['Ruby', 'JavaScript']"
r_865,Jabbslad/experimental,['Ruby']
r_866,rfugger/ripple,['Python']
r_867,nimblemachines/muforth,"['Forth', 'Assembly', 'Lua', 'C', 'Roff', 'Shell', 'Makefile', 'sed', 'Vim Script']"
r_868,zdennis/factory,['Ruby']
r_869,jaywilliams/ultralite2,['PHP']
r_870,ThisOldCoder/piston,"['Ruby', 'JavaScript']"
r_871,Sputz/action_mailer_tls,[]
r_872,timburks/NuMySQL,"['Objective-C', 'Nu']"
r_873,programming-nu/nu-postgresql,"['Nu', 'Objective-C']"
r_874,lachie/numbr5,"['Ruby', 'Shell']"
r_875,loe/mamadoll,"['Ruby', 'JavaScript']"
r_876,sunny/edith,"['PHP', 'CSS', 'JavaScript', 'HTML', 'Dockerfile']"
r_877,gilpa/gilpa_test,[]
r_878,nex3/nex3-s-blog-engine,"['Ruby', 'JavaScript']"
r_879,johnnyjacob/eplugin-tasque,"['C', 'Shell']"
r_880,sunny/damn_hotlinkers,['Ruby']
r_881,sunny/difffeed,['Ruby']
r_882,kmarsh/foo_tools,['Ruby']
r_883,herzi/source-browser,"['C', 'Shell']"
r_884,sandropaganotti-zz/pci4r,['Ruby']
r_885,dyoder/waves,"['Ruby', 'JavaScript']"
r_886,zapnap/dialtone,['Ruby']
r_887,jicksta/superators,['Ruby']
r_888,jicksta/methodphitamine,['Ruby']
r_889,segfault/mephisto_comment_email,['Ruby']
r_890,kastner/band-named,['Ruby']
r_891,michaelmelanson/monsoon,['Erlang']
r_892,alto/towel,"['JavaScript', 'Ruby']"
r_893,schacon/ticgit,['Ruby']
r_894,spiegela/active_scaffold_extjs_sample_app,"['JavaScript', 'Ruby']"
r_895,daikini/chunky_bacon,"['JavaScript', 'Ruby']"
r_896,bmizerany/lively-docs,[]
r_897,dwillis/thescoop,['Python']
r_898,voodootikigod/quickticket,"['Ruby', 'JavaScript']"
r_899,jm/fleet,['Ruby']
r_900,segfault/mephisto_post_ping,['Ruby']
r_901,mattetti/attachment_fu,['Ruby']
r_902,wycats/ruby-mozjs,"['C', 'Ruby']"
r_903,segfault/mephisto_feedreader,['Ruby']
r_904,astubbs/wicket-contrib-groovy,"['Java', 'JavaScript']"
r_905,tristan/django-servlet,['Java']
r_906,halfbyte/towel,"['JavaScript', 'Ruby']"
r_907,typester/formvalidator-assets,['Perl']
r_908,grundprinzip/who-is-going-,"['JavaScript', 'Ruby']"
r_909,mileszs/dotfiles,"['Vim Script', 'Shell', 'Ruby', 'Erlang']"
r_910,hassox/whistler,['Ruby']
r_911,caring/acts_as_url_param,['Ruby']
r_912,bscofield/laziness,['Ruby']
r_913,chriseppstein/acts_as_url_param,['Ruby']
r_914,norbert/has_uuid,['Ruby']
r_915,norbert/lazy_sweeper,['Ruby']
r_916,francois/acctsoft,"['Ruby', 'JavaScript']"
r_917,jchris/couchrest,[]
r_918,sintaxi/merb_can_filter,['Ruby']
r_919,ianloic/wordpress-ianloic,"['PHP', 'JavaScript']"
r_920,AndrewO/rerender_text,['Ruby']
r_921,TekNoLogic/Ampere,['Lua']
r_922,kneath/hemingway,"['PHP', 'JavaScript']"
r_923,jchris/rest-client,['Ruby']
r_924,filipe-zz/alfarrubyo,"['Ruby', 'JavaScript']"
r_925,openminds/site_language,['Ruby']
r_926,pius/curies,['Ruby']
r_927,lilyball/nnwstyle,"['Ruby', 'JavaScript']"
r_928,auser/merb-core,"['Ruby', 'JavaScript']"
r_929,auser/merb-more,['Ruby']
r_930,auser/merb-plugins,['Ruby']
r_931,mperham/tracknowledge,"['Ruby', 'JavaScript']"
r_932,Soleone/solescripts,['Ruby']
r_933,hosh/rails-authorization-plugin,['Ruby']
r_934,rgrove/cssmin,['Ruby']
r_935,caring/gibberish_db,"['Ruby', 'JavaScript']"
r_936,adamstac/jquery-qt-controller,['JavaScript']
r_937,caring/with_url_scope,['Ruby']
r_938,usergenic/webult,"['JavaScript', 'HTML', 'CSS']"
r_939,dragosdimitriu/airport-handling-service,"['Ruby', 'JavaScript']"
r_940,jcfischer/referenz2,"['JavaScript', 'Ruby']"
r_941,stevenbristol/lovd-by-less,"['Ruby', 'JavaScript']"
r_942,danielmorrison/relative_time_helpers,['Ruby']
r_943,fester/have_filter,['Ruby']
r_944,ianloic/google-ajax-server,['JavaScript']
r_945,frederik/movie_handler,['Ruby']
r_946,drd/lumber-mill,['Ruby']
r_947,KirinDave/erlectricity,"['Ruby', 'C', 'Erlang']"
r_948,steveh/allmusicguide-extractor,['Ruby']
r_949,steveh/mukuna-extractor,['Ruby']
r_950,steveh/opml-diff,[]
r_951,steveh/flight-planner,['Ruby']
r_952,savetheclocktower/javascript-stuff,['JavaScript']
r_953,voodootikigod/dragdropextra,['JavaScript']
r_954,wayneeseguin/hash_extension,"['Ruby', 'JavaScript']"
r_955,KirinDave/arc,"['Arc', 'Scheme', 'Emacs Lisp', 'Common Lisp', 'Vim Script', 'Perl', 'Python', 'Shell']"
r_956,ianloic/custom-xul-view,['JavaScript']
r_957,jcfischer/restful-authentication,['Ruby']
r_958,kig/metadata,"['Ruby', 'Perl']"
r_959,FND/tiddlywiki_plugins,[]
r_960,Ramarren/cl-transactional,['Common Lisp']
r_961,markbates/mack,"['Ruby', 'JavaScript', 'PHP']"
r_962,kig/thumbnailer,"['Ruby', 'Perl', 'JavaScript']"
r_963,DotNetOpenAuth/DotNetOpenAuth,"['C#', 'JavaScript', 'HTML', 'CSS']"
r_964,jcfischer/make_resourceful,['Ruby']
r_965,Soleone/etqw-stats,"['Ruby', 'JavaScript']"
r_966,Soleone/etqw-stats-rails,"['Ruby', 'JavaScript']"
r_967,osteele/cl-spec,"['Common Lisp', 'Ruby']"
r_968,tarcieri/reia,"['Erlang', 'Ruby', 'Shell']"
r_969,mbleigh/acts-as-taggable-on,['Ruby']
r_970,macournoyer/rack-sandbox,['Ruby']
r_971,vlarsen/chinesepoker,"['JavaScript', 'Ruby']"
r_972,herzi/mb-audio-engine,['C']
r_973,herzi/tree-wrapper,['C']
r_974,herzi/gfc,"['C', 'Objective-C', 'Shell']"
r_975,herzi/git2dot,"['C', 'Shell']"
r_976,cardmagic/dm-core,['Ruby']
r_977,cardmagic/merb-core,"['Ruby', 'JavaScript']"
r_978,britt/hivedb,['Java']
r_979,jcrosby/cloudkit,"['Ruby', 'JavaScript']"
r_980,KirinDave/powerset_thrift,"['C++', 'C', 'Java', 'Erlang', 'PHP', 'Python', 'Ruby', 'C#', 'Perl', 'Objective-C', 'Haskell', 'OCaml', 'Smalltalk', 'Emacs Lisp', 'Shell', 'Vim Script']"
r_981,britt/hivedb-blobject,['Java']
r_982,cardmagic/merb-more,['Ruby']
r_983,cardmagic/merb-plugins,['Ruby']
r_984,agateau/switcha,['C++']
r_985,cptfinch/process-controller,"['Ruby', 'JavaScript']"
r_986,bottlecaplabs/zombieurl,"['JavaScript', 'Ruby']"
r_987,cardmagic/contacts,['Ruby']
r_988,cardmagic/payment,['Ruby']
r_989,cardmagic/starfish,['Ruby']
r_990,JoshBorke/knowitall,['Lua']
r_991,JoshBorke/loottracker,['Lua']
r_992,al3x/metatweet,['Ruby']
r_993,JoshBorke/treesync,['Lua']
r_995,mvanholstyn/mhs_deployment,['Ruby']
r_996,mvanholstyn/mhs_authentication_system,['Ruby']
r_997,KeithHanson/rmuddy,"['Ruby', 'Shell', 'C']"
r_998,rgrove/jsmin,"['JavaScript', 'Ruby', 'C']"
r_999,juancq/py-interactive-genetic-algorithm,"['Python', 'Shell']"
